filename,extraction_method,characters,words,text_quality,ml_prediction,confidence,resume_sections,general_indicators,sections_found,final_prediction
Aesthetic_Social_Hour_HR_Invitation_Template-6aa2ebc826fc22c3cdbfb3d0213e4733.pdf,pdf_ocr,110,17,POOR,NOT_CLASSIFIED,0.0,0,0,,REVIEW
Annual_Company_Meeting_HR_Invitation_Template-c6b5cf076fed1da5055b56acb26adb5d.pdf,pdf_ocr,203,34,POOR,NOT_CLASSIFIED,0.0,0,0,,REVIEW
Award_Ceremony_HR_Invitation_Template-51517052772c534ba86875c239db1d44(1).pdf,pdf_ocr,230,27,POOR,NOT_CLASSIFIED,0.0,0,0,,REVIEW
Corporate_HR_Invitation_Template-6cdf82daecad1e02704bd0d43739eb68(1).pdf,pdf_ocr,207,29,POOR,NOT_CLASSIFIED,0.0,0,0,,REVIEW
Corporate_HR_Invitation_Template-6cdf82daecad1e02704bd0d43739eb68.pdf,pdf_ocr,220,32,POOR,NOT_CLASSIFIED,0.0,0,0,,REVIEW
Corporate_HR_Invitation_Template-c1d48d4d7bc1b0478826a25035156534(1).pdf,pdf_ocr,214,30,POOR,NOT_CLASSIFIED,0.0,0,0,,REVIEW
Corporate_HR_Invitation_Template-c1d48d4d7bc1b0478826a25035156534.pdf,pdf_ocr,257,57,MEDIUM,NON-RESUME,60.23,0,0,,NON-RESUME
Corporate_HR_Invitation_Template-f9bd0521576e66d703cf682e7b0c11b8(1).pdf,pdf_ocr,208,29,POOR,NOT_CLASSIFIED,0.0,0,0,,REVIEW
Corporate_HR_Invitation_Template-f9bd0521576e66d703cf682e7b0c11b8.pdf,pdf_ocr,162,23,POOR,NOT_CLASSIFIED,0.0,0,0,,REVIEW
Customizable_Retirement_HR_Invitation_Template-cb0afeb6273f6ab6c5c1d76c0fefa32c (1).pdf,pdf_ocr,264,41,MEDIUM,NON-RESUME,79.19,0,0,,NON-RESUME
Editable_Dinner_HR_Invitation_Template-76e25fd783a657ea7471ffc86de761b7(1).pdf,pdf_text,269,38,MEDIUM,NON-RESUME,87.29,0,1,,NON-RESUME
Event_Card_HR_Invitation_Template-8dc864e2a3f94e3c400a9532338afa1f(1).pdf,pdf_ocr,158,19,POOR,NOT_CLASSIFIED,0.0,0,0,,REVIEW
Formal_Meeting_HR_Invitation_Template-3509bba63c6a49ebac8b93590072d844(1).pdf,pdf_ocr,160,20,POOR,NOT_CLASSIFIED,0.0,0,0,,REVIEW
HR_Birthday_Invitation_Template-836efe02279ca70078df4f9d4a8ae1a3(1).pdf,pdf_ocr,212,29,POOR,NOT_CLASSIFIED,0.0,0,0,,REVIEW
HR_Happy_Hour_Invitation_Template-8a6c2589fe1f39977d30dde90c806295(1).pdf,pdf_ocr,135,14,POOR,NOT_CLASSIFIED,0.0,0,0,,REVIEW
HR_Invitation_Template-416da73ef5c15f57d584eab0948fcd66(1).pdf,pdf_ocr,108,13,POOR,NOT_CLASSIFIED,0.0,0,0,,REVIEW
Modern_New_Hire_HR_Invitation_Template-b23170e6fbca8427db3ab556eda862fe(1).pdf,pdf_ocr,66,11,POOR,NOT_CLASSIFIED,0.0,0,0,,REVIEW
R1.png,ocr_image,266,38,MEDIUM,NON-RESUME,85.2,0,0,,NON-RESUME
R10.png,ocr_image,200,27,POOR,NOT_CLASSIFIED,0.0,0,0,,REVIEW
R11.png,ocr_image,187,18,POOR,NOT_CLASSIFIED,0.0,0,0,,REVIEW
R12.png,ocr_image,267,48,MEDIUM,NON-RESUME,65.95,0,0,,NON-RESUME
R13.png,ocr_image,421,78,MEDIUM,NON-RESUME,82.52,0,1,,NON-RESUME
R14.png,ocr_image,243,38,POOR,NOT_CLASSIFIED,0.0,0,0,,REVIEW
R15.png,ocr_image,412,48,MEDIUM,NON-RESUME,75.94,0,1,,NON-RESUME
R16.png,ocr_image,141,15,POOR,NOT_CLASSIFIED,0.0,0,0,,REVIEW
R17.png,ocr_image,98,13,POOR,NOT_CLASSIFIED,0.0,0,0,,REVIEW
R18.png,ocr_image,199,28,POOR,NOT_CLASSIFIED,0.0,0,0,,REVIEW
R19.png,ocr_image,312,48,MEDIUM,NON-RESUME,85.13,0,0,,NON-RESUME
R2.png,ocr_image,121,16,POOR,NOT_CLASSIFIED,0.0,0,0,,REVIEW
R20.png,ocr_image,298,47,MEDIUM,NON-RESUME,86.43,0,2,,NON-RESUME
R21.png,ocr_image,199,30,POOR,NOT_CLASSIFIED,0.0,0,0,,REVIEW
R22.png,ocr_image,325,44,MEDIUM,NON-RESUME,88.29,0,0,,NON-RESUME
R23.png,ocr_image,227,31,POOR,NOT_CLASSIFIED,0.0,0,0,,REVIEW
R24.png,ocr_image,142,17,POOR,NOT_CLASSIFIED,0.0,0,0,,REVIEW
R25.png,ocr_image,228,30,POOR,NOT_CLASSIFIED,0.0,0,0,,REVIEW
R26.png,ocr_image,193,16,POOR,NOT_CLASSIFIED,0.0,0,0,,REVIEW
R27.png,ocr_image,131,17,POOR,NOT_CLASSIFIED,0.0,0,0,,REVIEW
R28.png,ocr_image,214,26,POOR,NOT_CLASSIFIED,0.0,0,0,,REVIEW
R29.png,ocr_image,187,20,POOR,NOT_CLASSIFIED,0.0,0,0,,REVIEW
R3.png,ocr_image,313,52,MEDIUM,NON-RESUME,68.68,0,0,,NON-RESUME
R30.png,ocr_image,43,4,POOR,NOT_CLASSIFIED,0.0,0,0,,REVIEW
R31.png,ocr_image,217,31,POOR,NOT_CLASSIFIED,0.0,0,0,,REVIEW
R32.png,ocr_image,231,32,POOR,NOT_CLASSIFIED,0.0,0,0,,REVIEW
R33.png,ocr_image,153,30,POOR,NOT_CLASSIFIED,0.0,0,0,,REVIEW
R34.png,ocr_image,299,45,MEDIUM,NON-RESUME,94.04,0,0,,NON-RESUME
R35.png,ocr_image,87,9,POOR,NOT_CLASSIFIED,0.0,0,0,,REVIEW
R36.png,ocr_image,224,36,POOR,NOT_CLASSIFIED,0.0,0,0,,REVIEW
R37.png,ocr_image,171,25,POOR,NOT_CLASSIFIED,0.0,0,0,,REVIEW
R38.png,ocr_image,219,30,POOR,NOT_CLASSIFIED,0.0,0,0,,REVIEW
R39.png,ocr_image,191,31,POOR,NOT_CLASSIFIED,0.0,0,0,,REVIEW
R4.png,ocr_image,218,33,POOR,NOT_CLASSIFIED,0.0,0,0,,REVIEW
R40.png,ocr_image,62,8,POOR,NOT_CLASSIFIED,0.0,0,0,,REVIEW
R41.png,ocr_image,159,26,POOR,NOT_CLASSIFIED,0.0,0,0,,REVIEW
R42.png,ocr_image,168,19,POOR,NOT_CLASSIFIED,0.0,0,0,,REVIEW
R43.png,ocr_image,205,29,POOR,NOT_CLASSIFIED,0.0,0,0,,REVIEW
R44.png,ocr_image,139,27,POOR,NOT_CLASSIFIED,0.0,0,0,,REVIEW
R45.png,ocr_image,235,35,POOR,NOT_CLASSIFIED,0.0,0,0,,REVIEW
R46.png,ocr_image,245,37,POOR,NOT_CLASSIFIED,0.0,0,0,,REVIEW
R47.png,ocr_image,129,13,POOR,NOT_CLASSIFIED,0.0,0,0,,REVIEW
R48.png,ocr_image,216,15,POOR,NOT_CLASSIFIED,0.0,0,0,,REVIEW
R49.png,ocr_image,716,94,GOOD,NON-RESUME,84.29,1,0,experience,NON-RESUME
R5.png,ocr_image,141,17,POOR,NOT_CLASSIFIED,0.0,0,0,,REVIEW
R50.png,ocr_image,1701,248,GOOD,NON-RESUME,71.84,0,2,,NON-RESUME
R51.png,ocr_image,1303,194,GOOD,NON-RESUME,72.0,0,1,,NON-RESUME
R52.png,ocr_image,184,30,POOR,NOT_CLASSIFIED,0.0,0,0,,REVIEW
R6.png,ocr_image,349,46,MEDIUM,NON-RESUME,68.86,0,2,,NON-RESUME
R7.png,ocr_image,131,21,POOR,NOT_CLASSIFIED,0.0,0,0,,REVIEW
R8.png,ocr_image,186,25,POOR,NOT_CLASSIFIED,0.0,0,0,,REVIEW
R9.png,ocr_image,183,26,POOR,NOT_CLASSIFIED,0.0,0,0,,REVIEW
Team_Building_HR_Invitation_Template-ff09cad99fde6787aecccaa516dce7de(1).pdf,pdf_ocr,87,11,POOR,NOT_CLASSIFIED,0.0,0,0,,REVIEW
Team_Building_HR_Invitation_Template-ff09cad99fde6787aecccaa516dce7de.pdf,pdf_ocr,269,37,MEDIUM,NON-RESUME,60.85,0,1,,NON-RESUME
resume_07020908df61.pdf,pdf_text,3188,392,GOOD,RESUME,86.88,7,8,"education, experience, skills, projects, certifications, internship, achievements",RESUME
resume_09a50ae02498.pdf,pdf_text,4425,556,GOOD,RESUME,80.54,6,5,"education, experience, skills, projects, internship, achievements",RESUME
resume_0cda6ed2b63c.pdf,pdf_text,4103,513,GOOD,RESUME,93.15,5,9,"education, experience, skills, projects, internship",RESUME
resume_0dd1ffd6458c.pdf,pdf_text,3184,383,GOOD,RESUME,84.72,7,7,"education, experience, skills, projects, certifications, internship, achievements",RESUME
resume_1abcc6c00be5.pdf,pdf_text,3485,455,GOOD,RESUME,90.89,4,7,"education, experience, skills, projects",RESUME
resume_270b3bedcab7.pdf,pdf_text,3474,444,GOOD,RESUME,82.59,6,9,"education, experience, skills, projects, certifications, internship",RESUME
resume_296860d4b713.pdf,pdf_text,5328,741,GOOD,RESUME,83.39,6,6,"education, experience, skills, projects, internship, objective",RESUME
resume_2a0b0b9000a3.pdf,pdf_text,2588,323,GOOD,RESUME,87.36,6,5,"education, experience, skills, projects, objective, achievements",RESUME
resume_2ea494639412.pdf,pdf_text,3481,473,GOOD,RESUME,87.51,4,4,"education, experience, skills, projects",RESUME
resume_38d00ab95a0c.pdf,pdf_text,2715,351,GOOD,RESUME,85.15,5,8,"education, experience, skills, projects, internship",RESUME
resume_3eea7bdcc53d.pdf,pdf_text,2911,182,GOOD,RESUME,63.59,6,4,"education, experience, skills, projects, internship, achievements",RESUME
resume_4033351cc2df.pdf,pdf_text,2750,153,GOOD,RESUME,74.25,6,6,"education, experience, skills, projects, internship, achievements",RESUME
resume_4329189bb182.pdf,pdf_text,1495,207,GOOD,RESUME,79.11,3,7,"education, skills, projects",RESUME
resume_44016c608ffa.pdf,pdf_text,1883,215,GOOD,RESUME,82.79,7,7,"education, experience, skills, projects, certifications, internship, achievements",RESUME
resume_483e069b50c2.pdf,pdf_text,1958,108,GOOD,RESUME,73.68,5,6,"education, experience, skills, projects, certifications",RESUME
resume_4a1d9bc816d1.pdf,pdf_text,2107,280,GOOD,RESUME,88.43,7,5,"education, experience, skills, projects, certifications, internship, achievements",RESUME
resume_4a305525f7e5.pdf,pdf_text,1472,181,GOOD,RESUME,82.48,4,5,"education, experience, skills, projects",RESUME
resume_574503c39063.pdf,pdf_text,7310,1042,GOOD,RESUME,65.97,5,5,"education, experience, skills, projects, internship",RESUME
resume_5ec126eef06d.pdf,pdf_text,1385,146,GOOD,RESUME,84.14,6,8,"education, experience, skills, projects, certifications, internship",RESUME
resume_5f6a8ad5d50a.pdf,pdf_text,2514,327,GOOD,RESUME,87.68,6,8,"education, experience, skills, projects, certifications, internship",RESUME
resume_6455f8af25cc.pdf,pdf_text,2655,377,GOOD,RESUME,86.46,5,5,"education, experience, skills, projects, certifications",RESUME
resume_68ea5d093beb.pdf,pdf_text,4083,508,GOOD,RESUME,90.54,5,7,"education, experience, skills, projects, certifications",RESUME
resume_69b23474a820.pdf,pdf_text,4432,542,GOOD,RESUME,87.65,5,6,"education, experience, skills, certifications, achievements",RESUME
resume_6ee1365df2ba.pdf,pdf_text,1493,135,GOOD,RESUME,76.64,4,5,"education, experience, skills, projects",RESUME
resume_6f6f17886b97.pdf,pdf_text,2997,189,GOOD,RESUME,81.42,7,5,"education, experience, skills, projects, certifications, internship, achievements",RESUME
resume_764277fcc3b4.pdf,pdf_text,6110,784,GOOD,RESUME,92.78,7,8,"education, experience, skills, projects, certifications, internship, achievements",RESUME
resume_78739b4a564f.pdf,pdf_text,1417,176,GOOD,RESUME,78.7,6,4,"education, experience, skills, projects, certifications, internship",RESUME
resume_7c2f9eaf80ff.pdf,pdf_text,2394,329,GOOD,RESUME,87.93,6,8,"education, experience, skills, projects, certifications, internship",RESUME
resume_7dd9a4c974b6.pdf,pdf_text,3434,461,GOOD,RESUME,92.38,5,7,"education, experience, skills, projects, internship",RESUME
resume_808fadf93053.pdf,pdf_text,4284,560,GOOD,RESUME,86.22,5,8,"education, experience, skills, projects, internship",RESUME
resume_8091a6a3c0c1.pdf,pdf_text,3129,363,GOOD,RESUME,87.47,8,6,"education, experience, skills, projects, certifications, internship, objective, achievements",RESUME
resume_80f6eeae7719.pdf,pdf_text,3469,480,GOOD,RESUME,82.53,5,7,"education, experience, skills, projects, achievements",RESUME
resume_81e306b05dd3.pdf,pdf_text,2784,371,GOOD,RESUME,82.69,5,4,"education, experience, skills, projects, achievements",RESUME
resume_885902f186e7.pdf,pdf_text,1845,214,GOOD,RESUME,88.07,5,4,"education, experience, skills, projects, certifications",RESUME
resume_8a7c9f1643f8.pdf,pdf_text,2779,339,GOOD,RESUME,83.36,6,2,"education, experience, skills, projects, certifications, objective",RESUME
resume_93a354045691.pdf,pdf_text,6023,744,GOOD,RESUME,94.05,7,11,"education, experience, skills, projects, internship, objective, achievements",RESUME
resume_96ef2f8a32f5.pdf,pdf_text,2263,261,GOOD,RESUME,86.04,7,6,"education, experience, skills, projects, certifications, internship, achievements",RESUME
resume_9a8ebf7d3eb2.pdf,pdf_text,3225,441,GOOD,RESUME,89.1,6,5,"education, experience, skills, projects, internship, achievements",RESUME
resume_9ee1298c2eec.pdf,pdf_text,5323,702,GOOD,RESUME,81.86,8,10,"education, experience, skills, projects, certifications, internship, objective, achievements",RESUME
resume_9fdf6d56e5ef.pdf,pdf_text,2253,229,GOOD,RESUME,80.87,6,6,"education, experience, skills, projects, certifications, achievements",RESUME
resume_a385fd5dd18d.pdf,pdf_text,3506,433,GOOD,RESUME,84.32,5,7,"education, experience, skills, projects, internship",RESUME
resume_a836b4272eb8.pdf,pdf_text,1485,166,GOOD,RESUME,81.2,7,6,"education, experience, skills, projects, certifications, internship, objective",RESUME
resume_a8a31b826421.pdf,pdf_text,2386,307,GOOD,RESUME,87.82,6,7,"education, skills, projects, internship, objective, achievements",RESUME
resume_a9319f43dbe0.pdf,pdf_text,2419,321,GOOD,RESUME,78.44,4,3,"education, skills, projects, achievements",RESUME
resume_a95fa19b91a6.pdf,pdf_text,2426,306,GOOD,RESUME,69.74,5,2,"education, experience, skills, projects, internship",RESUME
resume_b3a7f15cb147.pdf,pdf_text,2966,414,GOOD,RESUME,85.22,5,7,"education, experience, skills, projects, objective",RESUME
resume_b434c0b558df.pdf,pdf_text,3414,386,GOOD,RESUME,81.38,6,6,"education, experience, skills, projects, certifications, internship",RESUME
resume_b571f04173a1.pdf,pdf_text,1506,108,GOOD,RESUME,65.44,3,5,"education, skills, projects",RESUME
resume_b7871932c3b9.pdf,pdf_text,2572,322,GOOD,RESUME,88.87,6,7,"education, experience, skills, projects, internship, objective",RESUME
resume_b79c2b9d23d1.pdf,pdf_text,3130,401,GOOD,RESUME,90.34,5,4,"education, experience, skills, projects, achievements",RESUME
resume_bba50343b678.pdf,pdf_text,4268,512,GOOD,RESUME,83.8,5,8,"education, experience, skills, projects, internship",RESUME
resume_c01ce554ff38.pdf,pdf_text,3882,505,GOOD,RESUME,83.23,5,6,"skills, projects, certifications, internship, objective",RESUME
resume_c3eebf835347.pdf,pdf_text,1770,116,GOOD,RESUME,70.45,5,3,"education, skills, projects, internship, achievements",RESUME
resume_c5057f4726de.pdf,pdf_text,4371,200,GOOD,RESUME,71.91,7,6,"education, experience, skills, projects, internship, objective, achievements",RESUME
resume_cf7cd4134369.pdf,pdf_text,3162,400,GOOD,RESUME,90.87,8,5,"education, experience, skills, projects, certifications, internship, objective, achievements",RESUME
resume_d0aff2566b01.pdf,pdf_text,3472,397,GOOD,RESUME,89.2,5,5,"education, experience, skills, projects, achievements",RESUME
resume_d13ea7c86d74.pdf,pdf_text,1799,221,GOOD,RESUME,71.68,4,2,"experience, projects, internship, achievements",RESUME
resume_d2e21bf49333.pdf,pdf_text,2823,383,GOOD,RESUME,80.48,7,6,"education, experience, skills, projects, certifications, internship, objective",RESUME
resume_d3c6d639c36d.pdf,pdf_text,5068,711,GOOD,RESUME,85.47,7,7,"education, experience, skills, projects, internship, objective, achievements",RESUME
resume_d65739a8d2f2.pdf,pdf_text,3913,510,GOOD,RESUME,87.32,6,8,"education, experience, skills, projects, internship, achievements",RESUME
resume_da8fd34ece58.pdf,pdf_text,4055,250,GOOD,RESUME,66.25,6,6,"education, experience, skills, projects, internship, achievements",RESUME
resume_dd05b8902c1d.pdf,pdf_text,2967,408,GOOD,RESUME,82.61,5,5,"education, experience, skills, projects, achievements",RESUME
resume_dffe3c86da87.pdf,pdf_text,3489,485,GOOD,RESUME,84.05,5,6,"education, experience, skills, projects, internship",RESUME
resume_e110bff42daa.pdf,pdf_text,1772,227,GOOD,RESUME,80.84,4,7,"skills, projects, internship, achievements",RESUME
resume_e421c8210358.pdf,pdf_text,2190,271,GOOD,RESUME,90.82,5,6,"education, experience, skills, projects, internship",RESUME
resume_eb4cba6bed7a.pdf,pdf_text,2653,330,GOOD,RESUME,83.52,6,9,"education, experience, skills, projects, internship, achievements",RESUME
resume_ec3050266f0e.pdf,pdf_text,2870,377,GOOD,RESUME,82.59,4,6,"education, experience, projects, internship",RESUME
resume_f157006eff3e.pdf,pdf_text,3693,487,GOOD,RESUME,82.81,5,6,"education, experience, projects, internship, achievements",RESUME
resume_f29b4b7d2da0.pdf,pdf_text,2441,294,GOOD,RESUME,84.26,5,6,"education, experience, skills, projects, achievements",RESUME
resume_f34b221f3b27.pdf,pdf_text,4525,640,GOOD,RESUME,88.63,4,5,"education, experience, skills, projects",RESUME
resume_f54e93fa381b.pdf,pdf_text,2904,154,GOOD,RESUME,69.69,6,6,"education, experience, skills, projects, internship, achievements",RESUME
resume_f92653b14b81.pdf,pdf_text,1590,201,GOOD,RESUME,87.22,6,5,"education, experience, skills, projects, certifications, achievements",RESUME
resume_fb30c8378cc9.pdf,pdf_text,3231,444,GOOD,RESUME,82.74,5,5,"education, experience, skills, projects, achievements",RESUME
resume_fea99493e071.pdf,pdf_text,2052,287,GOOD,RESUME,90.31,7,7,"education, experience, skills, projects, internship, objective, achievements",RESUME
resume_fedf65dbe1ac.pdf,pdf_text,2953,254,GOOD,RESUME,81.94,5,8,"education, skills, projects, internship, achievements",RESUME
